{
    "time": 0.3381840829970315,
    "energy": -107.64781359450147,
    "HF_energy": -107.49650051179783,
    "FCI": -107.65412244752251
}
