{
    "HeH": {
        "Time": 0.01989895908627659,
        "Energy": -2.862588572669186
    },
    "LiH": {
        "Time": 0.41758820798713714,
        "Energy": -7.879803640253928
    },
    "N2": {
        "Time": 3.2074740829411894,
        "Energy": -107.58261321350683
    }
}
