{
    "HeH": {
        "Time": 0.027360624982975423,
        "Energy": -2.862588572669185
    },
    "LiH": {
        "Time": 6.053902082960121,
        "Energy": -7.347030611908614
    },
    "N2": {
        "Time": 210.95595345797483,
        "Energy": -107.44828753314576
    }
}
