{"HeH": {"Time": 0.019463707925751805, "Energy": -2.8625885726691864}, "LiH": {"Time": 0.3629821250215173, "Energy": -7.8794236624229175}, "N2": {"Time": 203.35855091700796, "Energy": -94.26832797799868}}
