{"ZZ": [0.12396667914488674, 0.0], "XZ": [-0.11611630704088707, 0.0], "XI": [0.1161150632360082, 0.0], "IX": [-0.1161150632360082, 0.0], "YY": [-0.12675981721898621, 0.0], "ZI": [-0.5159706519017715, 0.0], "II": [-1.946393947592352, 0.0], "IZ": [-0.5159706519017715, 0.0], "ZX": [0.11611630704088707, 0.0]}
