{"ZZ": [0.12396723594555267, 0.0], "XZ": [-0.11611506993665682, 0.0], "XI": [0.11611506993156961, 0.0], "IX": [-0.11611506993156961, 0.0], "YY": [-0.12675926041832025, 0.0], "ZI": [-0.5159709303035954, 0.0], "II": [-1.9463939475923517, 0.0], "IZ": [-0.5159709303035955, 0.0], "ZX": [0.11611506993665682, 0.0]}
